Amplitude,Energy,Rise_time,Count,Max_freq,Variance
0.0001918053157777,49.69981517746104,1.17e-05,4,0.029018182,9.17
0.000138526061395,42.649789080903865,7.2000000000000005e-06,1,0.02399057,7.91
0.000161360027559,37.39501279617855,4.0000000000000003e-07,0,0.027278315,10.21
0.0001978943734215,70.44872446746258,3.3600000000000004e-05,6,0.028236171,13.5
0.0004034000688976,425.6193603610552,4.9300000000000006e-05,20,0.068981946,45.21
0.0001461373834497,40.595188330745614,4.0000000000000003e-07,1,0.03328445,15.93
0.000278574387201,137.43421480029724,6.9e-06,6,0.031447846,17.51
0.0001324370037513,21.4308409745145,2.0000000000000002e-07,0,0.020295354,7.04
0.0001826717293121,55.122455847214624,1.1100000000000002e-05,3,0.034705132,12.19
0.0002009389022433,71.1868272272528,1.05e-05,4,0.030173084,11.61
0.0001659268207918,70.52714151314669,5.2400000000000007e-05,3,0.022459313,12.32
0.0002831411804338,166.50506354486694,3.71e-05,9,0.046699673,22.5
0.0001796272004902,43.09007391187254,6.5e-06,1,0.026008394,9.8
0.0001507041766825,40.39534536325751,1.04e-05,1,0.02604783,13.1
0.0002070279598871,198.3405302617465,2.76e-05,12,0.051988896,24.82
0.0001674490852028,60.24968856827407,0.0001364,1,0.03835378,12.62
0.0001704936140246,86.5329318377802,7.100000000000001e-06,6,0.033533655,15.44
0.0002877079736666,146.47312334276913,3.34e-05,9,0.03988549,18.06
0.0001339592681622,19.977715649231143,1.0000000000000001e-07,1,0.023407748,4.96
0.0001324370037513,16.868285135615306,2.0000000000000002e-07,0,0.015704568,4.27
0.0002359509836948,159.210702540008,3.97e-05,9,0.046522673,19.89
0.0001674490852028,56.67318536765799,4e-06,4,0.031072568,7.61
0.0001461373834497,22.495217966938355,4.0000000000000003e-07,1,0.017065901,4.24
0.000184193993723,87.79650295688862,2.92e-05,6,0.056576937,23.6
0.0001781049360793,52.75928494920485,7.3e-06,2,0.034174725,10.65
0.0007078529510846,1394.3614821551728,2.8200000000000004e-05,46,0.09733081,138.68
0.0001354815325731,44.99803664043238,1.94e-05,1,0.042243917,21.41
0.0001446151190387,26.41940714670465,4.0000000000000003e-07,1,0.054055844,30.88
0.0002861857092557,217.369455273126,4.42e-05,13,0.04193864,27.26
0.0001750604072574,45.08887435292697,4.2e-06,2,0.04806851,25.96
0.0001293924749294,51.34008472879192,1.0000000000000001e-07,1,0.040851686,10.08
0.0001339592681622,27.998222204786643,1.0000000000000001e-07,1,0.02334036,6.4
0.0001872385225449,48.89821871046796,4.9e-05,1,0.026407462,7.95
0.0001796272004902,77.77904979114592,3.05e-05,6,0.030165307,19.16
0.0001674490852028,54.2221428865412,5e-07,4,0.020624887,7.54
0.0001354815325731,35.52848318750144,7.100000000000001e-06,1,0.025138477,6.25
0.0001826717293121,72.42036628631199,5e-07,5,0.037766654,15.99
0.0001750604072574,36.34713489847309,7.5e-06,2,0.01794338,6.31
0.000184193993723,71.04667761368972,7.100000000000001e-06,5,0.017596003,8.8
0.0001309147393403,20.86041721666582,1.0000000000000001e-07,0,0.017056033,4.71
0.0002816189160229,143.46685851691498,6.78e-05,10,0.030875698,16.98
0.0001918053157777,80.2308338046096,0.0001035,4,0.03763815,22.09
0.000254218156626,132.817341716988,6.800000000000001e-06,9,0.03485134,16.5
0.0001659268207918,62.81298050840202,3.66e-05,3,0.041048754,11.86
0.0002679185363245,300.40680362764493,4.35e-05,20,0.06423349,36.4
0.0001324370037513,41.3596154888506,1.0000000000000001e-07,1,0.040657777,12.84
0.0001948498445996,87.1192985410871,4.46e-05,8,0.052183766,29.27
0.0001491819122715,40.51918126518891,3.47e-05,0,0.024682807,10.46
0.0002572626854479,131.69920362941428,3.95e-05,10,0.03565362,15.66
0.0001446151190387,23.436037132060896,4e-06,1,0.019348077,5.46
0.0001324370037513,29.884865878373265,6.5e-06,3,0.020242108,4.84
0.0001491819122715,29.5841745117075,3.0000000000000004e-07,1,0.028270174,9.95
0.0001476596478606,21.455496925048745,5e-07,1,0.03071402,10.23
0.0001918053157777,93.59139286478327,2.9100000000000003e-05,5,0.050035138,30.24
0.0002359509836948,87.83923375837841,1.42e-05,4,0.026848726,13.37
0.000744387296947,1597.770107933314,0.000199,45,0.106493555,158.92
0.0001354815325731,32.55493847645404,3.0000000000000004e-07,1,0.045734636,22.47
0.0001370037969841,47.21132531282608,2.9400000000000003e-05,2,0.06620927,39.71
0.0004064445977195,405.7110706778021,3.82e-05,22,0.062028963,46.25
0.0003577321365696,364.7490092184304,4.4800000000000005e-05,22,0.050442245,41.0
0.0001704936140246,71.07911965386636,6.97e-05,5,0.0362275,15.88
0.0001293924749294,24.76718038628009,1.0000000000000001e-07,1,0.019271683,6.45
0.0002115947531199,67.24771470900525,6.15e-05,4,0.025568621,8.67
0.0001978943734215,90.5340549985368,1.05e-05,5,0.032814056,12.53
0.0001583154987372,69.08791991936761,3.5e-06,3,0.022813423,9.7
0.00016288229197,59.10012804750069,4.02e-05,4,0.021591341,8.25
0.000138526061395,26.54546764567673,3.0000000000000004e-07,0,0.018215025,4.89
0.0001354815325731,43.81288256700807,4.3e-05,0,0.021789953,7.37
0.0001644045563809,28.857380120207416,4.1000000000000006e-06,2,0.018943492,5.13
0.0003896996891992,458.4214144921119,4.630000000000001e-05,17,0.06914199,48.89
0.0001278702105185,9.242088405521017,1.0000000000000001e-07,1,0.050873846,24.22
0.0002466068345714,144.2897740388813,5.23e-05,11,0.04538922,20.01
0.0001948498445996,66.7510734196726,2.2e-05,4,0.032805983,15.11
0.0002846634448447,306.03401453359805,0.0001556,21,0.060778286,35.78
0.0001278702105185,18.45701818883701,1.0000000000000001e-07,0,0.03529636,11.57
0.0001826717293121,92.18776482365516,1.8100000000000003e-05,4,0.028024223,21.49
0.000138526061395,90.77755568294832,0.0001206,1,0.030454539,12.65
0.0001826717293121,97.8350897945178,4.89e-05,8,0.022399975,11.79
0.0001689713496137,54.54378254200674,4.17e-05,2,0.037930667,8.7
0.0001507041766825,37.2841537103178,3.800000000000001e-06,1,0.023754084,5.96
0.0001278702105185,36.71067113153818,1.0000000000000001e-07,0,0.047865886,12.84
0.0001400483258059,48.22184851855671,3.0000000000000004e-07,1,0.0328548,11.33
0.0001948498445996,92.03018919994004,1.1e-05,4,0.034897678,11.91
0.0003531653433368,257.43361375195167,2.6900000000000003e-05,13,0.061247222,29.52
0.0001598377631481,44.90914545034839,1.18e-05,2,0.04558822,17.97
0.0007078529510846,1300.2495335828696,2.81e-05,42,0.10844368,144.53
0.000138526061395,32.07970893363796,1.18e-05,1,0.030295687,14.04
0.0001278702105185,19.49497809140275,1.0000000000000001e-07,1,0.05334958,25.24
0.0003790438383227,393.70974040948624,0.0003057,17,0.0674208,41.0
0.0003759993095008,457.6031335473137,0.0002413,26,0.060733147,47.87
0.0001704936140246,79.77145451570838,0.0001258,4,0.033941884,14.03
0.0001552709699153,28.584310833463476,5e-07,1,0.022032851,5.78
0.0002100724887089,96.29817131403536,9.08e-05,7,0.028937398,13.21
0.0001507041766825,36.60620776216941,4.0000000000000003e-07,1,0.047731712,16.21
0.0001978943734215,68.41572084690763,3.2000000000000003e-06,4,0.02468189,9.66
0.0001826717293121,72.32229863343518,9.9e-06,5,0.020888083,9.0
0.0001720158784356,76.9124765522562,1.4700000000000002e-05,6,0.031667974,10.14
0.0001689713496137,26.430344748821344,4.3e-06,3,0.015206286,4.44
0.0004505902656366,490.9592977245874,4.07e-05,19,0.07526683,50.04
0.0003364204348165,277.7667087784321,0.0002092,16,0.055483624,29.9
0.0001370037969841,27.898949561846127,2.0000000000000002e-07,0,0.017123483,5.23
0.0002359509836948,135.53830197237443,5.14e-05,9,0.04627797,22.59
0.0001674490852028,44.50408340585721,5e-07,1,0.03120355,12.37
0.0003196755262962,386.6293114867064,1.62e-05,23,0.08821904,41.82
0.0001765826716684,83.59266339079969,4.4800000000000005e-05,6,0.05347499,25.25
0.0002374732481058,127.32203087723876,2.77e-05,10,0.04253668,15.1
0.0001598377631481,39.349043221789216,6.100000000000001e-06,1,0.01618769,5.82
0.0001461373834497,38.23943275620479,4.3e-06,1,0.027021317,7.86
0.0001415705902169,20.622478024856008,2.0000000000000002e-07,0,0.017237,5.42
0.0001446151190387,32.28427916983751,6.6e-06,2,0.018215654,5.1
0.0001278702105185,37.51254567316134,1.0000000000000001e-07,0,0.052691188,14.67
0.0002359509836948,115.48541348147684,2.9100000000000003e-05,8,0.035194155,13.87
0.0003546876077477,280.158614054884,2.68e-05,15,0.055930104,30.59
0.0002466068345714,84.55804581491311,1.14e-05,4,0.028506031,11.29
0.0001339592681622,30.263418141462964,2.0000000000000002e-07,0,0.023838734,8.0
0.0006606627543456,1303.5882829747625,3.940000000000001e-05,37,0.103394836,149.07
0.0001370037969841,24.480114676488512,3.0000000000000004e-07,0,0.039213624,20.67
0.0002907525024885,340.4893150320563,2.57e-05,24,0.08412423,36.14
0.0003973110112539,396.26821238935935,0.0002968,26,0.07262814,45.33
0.0002831411804338,151.89974974888727,2.6900000000000003e-05,12,0.07150368,54.07
0.0001872385225449,42.19096594126282,8.000000000000001e-07,1,0.02489064,8.79
0.0001994166378324,57.67610786683295,4.56e-05,3,0.031115834,11.47
0.0001370037969841,27.894222293134675,2.0000000000000002e-07,1,0.023221401,5.82
0.000232906454873,93.41379586770204,3.7e-05,6,0.033007324,11.7
0.0001491819122715,60.09415215851292,6.100000000000001e-06,2,0.024817104,9.0
0.0001887607869558,60.84754902295785,3.4e-05,4,0.021227395,8.64
0.0002359509836948,156.44098653281324,1.46e-05,9,0.056958277,18.66
0.0001522264410934,30.268608867891228,4.2e-06,2,0.015296371,4.7
0.0004003555400758,476.898175979685,9.51e-05,24,0.074599124,48.9
0.0002953192957213,225.8111522017176,0.0001733,10,0.049396634,26.31
0.0001354815325731,24.56159054310356,2.0000000000000002e-07,0,0.021674877,5.93
0.0002100724887089,95.8753124932187,7.2000000000000005e-06,7,0.038512263,17.32
0.0001309147393403,43.96035481249673,1.0000000000000001e-07,0,0.04495267,12.72
0.0003501208145149,332.94635530790094,1.39e-05,20,0.06900878,37.66
0.0002024611666543,109.2868519022414,1.76e-05,7,0.03177825,16.84
0.0001324370037513,24.79878820256647,1.0000000000000001e-07,1,0.039307207,12.66
0.0002146392819417,107.96794393174598,3.96e-05,8,0.025768157,12.9
0.0001415705902169,28.13355185809491,3.1e-06,1,0.018866705,5.82
0.0001476596478606,30.905863228503783,4.0000000000000003e-07,2,0.02192724,5.82
0.0001324370037513,27.854086854859,2.0000000000000002e-07,1,0.039686017,13.32
0.0001324370037513,32.78536965325154,1.0000000000000001e-07,1,0.023296293,7.28
0.0002161615463527,111.17006598872364,2.53e-05,8,0.034587078,13.51
0.0003820883671446,289.9486021732168,4.32e-05,15,0.052717533,31.69
0.0002846634448447,97.32880858467551,1.08e-05,4,0.033407796,15.52
0.0006758853984549,1267.9265093479069,3.95e-05,42,0.08532294,129.49
0.0002192060751745,78.82618615650448,6.6e-06,3,0.030992392,12.36
0.0001324370037513,25.29700524813629,1.0000000000000001e-07,0,0.04476449,27.53
0.0003181532618853,251.484763190533,2.96e-05,15,0.051731437,27.37
0.0001430928546278,44.56433290904239,3.800000000000001e-06,2,0.05938452,38.27
0.000255740421037,136.1748148006401,1.35e-05,10,0.07394477,55.64
0.0001735381428465,51.568013233918656,2.26e-05,4,0.03469154,13.73
0.0002146392819417,48.809883669644144,2.96e-05,3,0.02210881,7.74
0.0002115947531199,63.77901177331898,4.92e-05,3,0.03282027,9.62
0.000208550224298,93.65822346754716,3.69e-05,6,0.031231951,10.7
0.0001552709699153,60.1386440993266,6e-06,2,0.021461163,9.57
0.0001948498445996,77.95423680809976,1e-05,5,0.022412825,9.26
0.0001461373834497,47.2600810646344,9.7e-06,1,0.022260956,7.75
0.0001796272004902,71.01497710585998,2.9e-06,3,0.03016012,13.13
0.00016288229197,69.6549140901119,1.85e-05,4,0.03110716,9.05
0.0001598377631481,28.153017082200893,1.04e-05,1,0.017098874,4.57
0.0001491819122715,43.35684017366788,4.0000000000000003e-07,2,0.0217762,8.25
0.0003440317568712,426.0396238186578,0.0001558,22,0.07886222,43.88
0.0003120642042416,267.0013275493028,5.15e-05,15,0.058229882,29.46
0.0001476596478606,38.104381177526605,1.16e-05,2,0.0230997,6.78
0.0002344287192839,165.28487206805184,7.100000000000001e-06,9,0.04178446,19.19
0.0001446151190387,48.5873312740324,3.0000000000000004e-07,1,0.02909972,10.89
0.0002618294786807,297.9724456243333,4.33e-05,21,0.07692773,35.66
0.0001811494649012,87.87890573893728,1.1e-05,6,0.036286306,25.57
0.0001278702105185,17.685083015719723,1.0000000000000001e-07,1,0.020101134,8.04
0.0002100724887089,114.21433434735611,3.96e-05,6,0.027860858,13.9
0.0001293924749294,22.376016642175045,1.0000000000000001e-07,0,0.017655695,6.09
0.0001324370037513,28.07561964349377,3.2000000000000003e-06,1,0.015409316,5.02
0.0001430928546278,41.62109833267431,3.0000000000000004e-07,0,0.03488194,17.49
0.0002466068345714,118.46424161049586,1.14e-05,8,0.040542915,14.82
0.0003653434586243,281.3290301729138,3.29e-05,13,0.06792967,29.93
0.0002603072142698,116.31880314784304,1.17e-05,5,0.032373663,15.1
0.0006834967205096,1403.0878348134288,4.86e-05,49,0.11115956,145.74
0.0002755298583791,236.22115405359764,5.71e-05,6,0.06452234,30.99
0.0003090196754197,296.84207225303584,3.1200000000000006e-05,18,0.053428844,30.73
0.0004277562994726,492.3965727959559,4.22e-05,31,0.071272045,52.89
0.0004399344147601,350.69354165767305,4.4800000000000005e-05,12,0.05381416,39.33
0.0001415705902169,33.24678815610672,1.15e-05,2,0.034245335,13.56
0.0001354815325731,41.432378350389634,2.25e-05,4,0.020300688,6.65
0.0002100724887089,65.34142042822593,4.97e-05,4,0.024680953,9.12
0.000208550224298,103.0051460086104,5.58e-05,8,0.027926277,12.77
0.0001704936140246,68.30031987542216,6.6e-06,3,0.021116199,9.84
0.000208550224298,56.21241570560635,3.430000000000001e-05,3,0.02143424,7.93
0.000138526061395,29.989421939285403,1.51e-05,2,0.034395646,8.96
0.000161360027559,27.30794828137112,7.100000000000001e-06,2,0.015061098,4.84
0.0001309147393403,42.99293317442935,1.0000000000000001e-07,0,0.032242578,8.63
0.0003790438383227,525.5883021753057,0.0002216,25,0.07422929,53.54
0.000254218156626,158.72221810649114,6.6e-06,10,0.038267728,20.85
0.0001476596478606,21.312473873641448,4.0000000000000003e-07,1,0.020656228,5.87
0.0002481290989823,155.8869691781396,5.98e-05,9,0.03464692,18.79
0.0001918053157777,66.85164374422017,1.09e-05,3,0.03833377,13.07
0.000301408353365,307.4143769973424,2.81e-05,18,0.0672312,36.39
0.0001278702105185,18.265795534881565,1.0000000000000001e-07,1,0.024021035,7.87
0.0001887607869558,100.95712635803083,2.89e-05,11,0.043906964,27.24
0.0001415705902169,20.799982330393902,3.0000000000000004e-07,0,0.028768543,7.75
0.0002283396616402,123.61232992881172,4.89e-05,8,0.031068102,13.99
0.0001476596478606,26.306972304606752,2.0000000000000002e-07,0,0.01604893,5.98
0.0001522264410934,34.91152827488512,6.9e-06,2,0.022993315,5.44
0.0001872385225449,60.82020501766611,3.34e-05,5,0.02419438,15.16
0.0002024611666543,92.31771836744844,2.93e-05,7,0.036255598,12.9
0.000395788746843,355.1592348337592,3.3e-05,19,0.061485026,37.35
0.0002633517430916,100.77786091316908,1.34e-05,4,0.038900044,14.73
0.0001278702105185,28.16098855493001,1.0000000000000001e-07,0,0.033198085,31.44
0.000254218156626,112.25733779235786,5.56e-05,7,0.034658752,15.86
0.0001339592681622,30.61379217537067,1.0000000000000001e-07,1,0.05271941,28.34
0.0001293924749294,26.824005733479023,1.0000000000000001e-07,0,0.02542223,7.32
0.000348598550104,457.8784274310983,0.0002019,23,0.092165865,46.8
0.0001309147393403,31.25373459074072,1.0000000000000001e-07,0,0.047123153,36.98
0.0004292785638835,349.2418993970835,4.47e-05,15,0.051274307,38.27
0.0001278702105185,42.02124772536732,1.0000000000000001e-07,0,0.034930132,13.88
0.0001491819122715,34.05765377743598,4.1000000000000006e-06,1,0.022565516,7.21
0.0001293924749294,23.09428341168584,1.0000000000000001e-07,0,0.02449241,6.15
0.0002207283395855,68.18241623226592,4.66e-05,3,0.028220734,9.67
0.0001354815325731,30.146719488370422,6.6e-06,2,0.022938838,6.39
0.0002039834310652,96.45222465910273,5.22e-05,7,0.03094422,11.63
0.0001476596478606,53.66534478556671,6.100000000000001e-06,2,0.020001145,8.51
0.0001522264410934,55.21218126118888,5e-07,3,0.032286346,8.4
0.0001826717293121,49.89261358765364,3.4e-05,5,0.025351925,7.83
0.0001704936140246,104.34008961610743,7.910000000000001e-05,6,0.04230952,13.09
0.0001704936140246,31.20748151060317,7.2000000000000005e-06,3,0.02013595,5.77
0.0004034000688976,469.21738393055057,0.0002552,22,0.059360866,47.96
0.0002374732481058,164.66940022012932,0.0001194,9,0.039089095,22.16
0.0001309147393403,19.11577698750952,1.0000000000000001e-07,0,0.021938877,5.0
0.000324242319529,223.82208437271612,5.260000000000001e-05,13,0.044135593,25.79
0.0001644045563809,62.54371157493591,6.7e-06,2,0.036705893,12.99
0.0002861857092557,286.0960635564692,8.2e-05,19,0.0734994,31.61
0.0001918053157777,111.33654000060147,6.840000000000001e-05,6,0.026930481,14.15
0.0002055056954761,136.97075708348808,7.8e-05,5,0.037943024,28.58
0.0001430928546278,32.656528407978605,3.0000000000000004e-07,2,0.023404153,9.46
0.000231384190462,114.59223776964228,4.78e-05,10,0.029808871,13.18
0.0001324370037513,28.20307051561628,2.0000000000000002e-07,0,0.02998066,6.83
0.0001507041766825,35.84483942499536,6.7e-06,3,0.01939687,5.95
0.0001491819122715,73.95246480653962,2.0000000000000002e-07,3,0.03224245,16.41
0.0001522264410934,61.052768099960936,6.92e-05,2,0.047488883,13.28
0.0001720158784356,63.6235680551012,3.1400000000000004e-05,3,0.034037054,9.3
0.0002055056954761,101.99100783268868,5.7e-05,8,0.03200455,13.01
0.0003638211942133,305.6707563751631,3.3e-05,17,0.060073778,32.89
0.0002146392819417,127.70929614540448,5.62e-05,5,0.050101794,16.94
0.0006317397305378,1416.1773638008124,2.8200000000000004e-05,47,0.10864785,140.55
0.000208550224298,80.10801750965517,6.63e-05,5,0.030401032,13.21
0.0001309147393403,9.61693300687624,1.0000000000000001e-07,1,0.061695427,33.38
0.0001522264410934,35.14520365570029,6.9e-06,2,0.020037943,7.94
0.0003425094924603,361.3998783736809,2.95e-05,17,0.07727783,39.45
0.0001537487055044,103.12499617417726,0.000151,1,0.078680344,39.7
0.0001339592681622,32.14144150151694,2.0000000000000002e-07,1,0.061827958,40.21
0.0001354815325731,31.082347927064703,2.0000000000000002e-07,1,0.027105063,7.62
0.00016288229197,37.46536567759017,3.5e-06,1,0.026841484,7.22
0.0002298619260511,68.74014124867402,4.92e-05,3,0.027535517,9.29
0.000232906454873,118.95291142709942,3.7e-05,7,0.034500785,14.41
0.0001476596478606,58.73631373980552,4.0000000000000003e-07,1,0.02181463,8.8
0.0001309147393403,22.959509907637745,1.0000000000000001e-07,0,0.022741886,5.92
0.0001674490852028,53.75877786127543,5e-07,6,0.020929432,7.44
0.000185716258134,64.57717865320767,1.16e-05,4,0.04351238,11.88
0.0001644045563809,27.076219422966552,4.4e-06,2,0.018225187,4.42
0.0002222506039964,76.28690132610723,3.77e-05,6,0.06414613,48.31
0.0001659268207918,47.95971683392947,4.2e-06,4,0.027508043,8.0
0.0001507041766825,20.4809380381425,4.0000000000000003e-07,1,0.02161925,6.65
0.0002466068345714,212.0662013112224,6.800000000000001e-06,16,0.04777821,26.09
0.0001278702105185,19.052375971850022,1.0000000000000001e-07,1,0.016097458,5.63
0.000278574387201,146.17892038413868,6.720000000000001e-05,10,0.03892242,19.97
0.0001963721090105,59.200605680504914,7.000000000000001e-07,2,0.047588427,13.52
0.0002968415601322,312.2536170931767,3.71e-05,20,0.06677168,36.4
0.0001491819122715,35.82212999687171,3.800000000000001e-06,1,0.02947243,8.06
0.0002192060751745,103.75214715656335,8.5e-05,3,0.04451868,27.54
0.0001309147393403,24.561497851560198,1.0000000000000001e-07,1,0.02539989,9.23
0.0002222506039964,102.25499334818316,5.97e-05,8,0.033583187,12.65
0.0001446151190387,21.550783831624702,3.0000000000000004e-07,0,0.020336023,5.43
0.0001720158784356,39.188686851773255,6.800000000000001e-06,2,0.023743687,6.5
0.0001507041766825,48.78874999775764,4.0000000000000003e-07,1,0.029113151,16.19
0.000208550224298,93.26845552771069,3.02e-05,2,0.035094216,12.13
0.0002283396616402,123.1532287145406,3.24e-05,8,0.03113926,14.78
0.0003592544009805,275.6612203709682,4.33e-05,17,0.051008817,29.92
0.0002359509836948,78.34854663356099,1.07e-05,4,0.026196443,11.65
0.000161360027559,41.14549802368478,7.4e-06,1,0.026325868,11.87
0.0006621850187565,1355.7884525344089,6.42e-05,49,0.090491615,134.51
0.0002618294786807,158.6086709658729,0.0001271,13,0.03541483,19.46
0.0001415705902169,30.93265108453535,2.0000000000000002e-07,1,0.05830349,32.54
0.0001339592681622,26.970643755077436,2.0000000000000002e-07,0,0.021677012,6.77
0.0003440317568712,363.9362897662338,0.0001935,23,0.059583493,40.2
0.0001811494649012,44.81200471290519,1.05e-05,2,0.07380259,57.01
0.0001324370037513,43.19064423642012,2.0000000000000002e-07,0,0.055881854,43.51
0.0001293924749294,29.57305152650408,1.0000000000000001e-07,1,0.032928724,13.96
0.0001430928546278,32.09963761546075,3.800000000000001e-06,2,0.027169138,7.32
0.0001963721090105,60.24561014036615,4.59e-05,1,0.036614954,9.24
0.0001994166378324,89.80067950745803,1.04e-05,6,0.03186604,11.25
0.000185716258134,65.41696403606582,9.9e-06,3,0.02334027,8.81
0.0001567932343262,65.0401729123,3.03e-05,4,0.029218165,9.89
0.0001720158784356,52.67743831641636,3.4000000000000005e-06,5,0.025436163,7.79
0.0001811494649012,57.23628649358108,1.15e-05,4,0.038686138,9.7
0.0001552709699153,27.22415512617203,4.3e-06,2,0.01697806,4.64
0.0002176838107636,93.00947535555774,3.02e-05,7,0.07324677,50.77
0.0001446151190387,33.223429887179535,2.26e-05,1,0.026864044,6.51
0.0002237728684073,153.65171260996914,5.46e-05,8,0.04955477,19.59
0.000138526061395,35.97757371508949,3.0000000000000004e-07,1,0.02396713,7.46
0.0001400483258059,40.23313516237432,8.410000000000001e-05,0,0.02060914,6.57
0.0002633517430916,158.5897618910271,0.0001067,9,0.052845836,19.99
0.0001507041766825,65.13277176411846,2.13e-05,3,0.047307286,17.13
0.0002861857092557,306.9188480065301,1.4e-05,19,0.07083742,38.71
0.0002374732481058,161.06054767087994,1.35e-05,10,0.051449843,33.17
0.0002450845701604,109.84596729179997,3.940000000000001e-05,10,0.022233665,13.51
0.0001278702105185,28.0303861703332,1.0000000000000001e-07,1,0.025160424,7.07
0.0001735381428465,58.06392928425883,3.800000000000001e-06,4,0.028336344,8.42
0.0001278702105185,42.86566768539356,1.0000000000000001e-07,1,0.05080743,21.06
0.0001933275801887,77.34414106969223,3.810000000000001e-05,5,0.048933275,21.93
0.0003577321365696,298.9640597552181,4e-05,15,0.06780216,31.88
0.0003105419398306,172.09306592797802,3.680000000000001e-05,8,0.042404618,20.14
0.0001446151190387,36.22876779760004,7.4e-06,1,0.039681688,11.67
0.0006317397305378,1255.4828550346683,4.8200000000000006e-05,42,0.108178,124.45
0.0002298619260511,134.72289446542044,7.23e-05,13,0.034153447,18.4
0.0001278702105185,25.221647023383124,1.0000000000000001e-07,0,0.070241824,34.74
0.0001339592681622,26.75189171274352,2.0000000000000002e-07,1,0.027294593,7.19
0.0003303313771728,399.06768238197327,0.0001419,21,0.07109803,42.1
0.0001354815325731,52.64851855488747,6.7e-06,2,0.0776935,47.39
0.0004094891265414,361.6098247193954,4.5e-05,14,0.062806025,39.76
0.0001324370037513,37.13223227074777,2.0000000000000002e-07,1,0.038360257,15.02
0.0001415705902169,36.77954094825602,4.56e-05,2,0.021865701,7.08
0.0001994166378324,52.42902498020666,5.27e-05,3,0.030757455,9.71
0.0001918053157777,123.24610564098914,0.0001477,6,0.04335623,14.03
0.0001476596478606,54.49613908871876,6.2e-06,4,0.023284847,8.15
0.0001659268207918,52.05853688138944,5e-07,4,0.018430524,7.69
0.0001583154987372,46.87198157257843,1.59e-05,2,0.04301111,11.12
0.0001750604072574,26.789802553978507,7e-06,1,0.018191889,4.79
0.0001354815325731,35.84196598715114,3.0000000000000004e-07,1,0.023704797,8.47
0.0002420400413386,78.71189748353935,3.96e-05,7,0.07054158,50.05
0.0002389955125167,175.4631450615273,1.0600000000000002e-05,14,0.047967438,23.81
0.0001339592681622,24.50263872152544,1.0000000000000001e-07,1,0.017806077,5.89
0.0003029306177759,141.3189173825914,5.2e-05,9,0.039929487,21.08
0.0001644045563809,65.84121323003289,4.880000000000001e-05,4,0.03919122,14.08
0.0003029306177759,312.794750323323,6.87e-05,20,0.069651775,35.91
0.0001370037969841,41.08506313741287,3.0000000000000004e-07,0,0.029982783,8.83
0.0002024611666543,164.80083682861638,2.83e-05,9,0.07195635,35.1
0.0002724853295573,135.12109733570284,3.96e-05,11,0.038995493,15.87
0.0001491819122715,28.443697762183582,3.4000000000000005e-06,1,0.024740046,7.73
0.000184193993723,57.71902405140948,2.15e-05,4,0.027611636,7.71
0.0001735381428465,45.17758015992424,4.5e-06,1,0.024941267,14.35
0.0002146392819417,183.80130553618375,2.93e-05,11,0.039045047,19.88
0.000395788746843,335.0796511783733,2.95e-05,20,0.0661467,36.16
0.0002283396616402,86.67938447629187,2.21e-05,5,0.031249937,13.25
0.0001309147393403,24.638987981810683,2.0000000000000002e-07,0,0.025343608,10.16
0.0006439178458253,1192.2994791189924,2.8200000000000004e-05,35,0.08487326,119.62
0.0003044528821869,142.54355805348783,4.8e-05,10,0.03399902,18.77
0.0002374732481058,301.94585401362474,4.76e-05,10,0.06243445,33.9
0.0001278702105185,26.3629579967973,1.0000000000000001e-07,1,0.018454032,7.68
0.000348598550104,414.2424003288247,2.9400000000000003e-05,25,0.097750574,41.95
0.0003896996891992,459.4188681902285,0.0002053,31,0.08496306,48.07
0.0004475457368147,393.8265317541221,4.490000000000001e-05,13,0.06116589,43.17
0.0001491819122715,42.011978571031136,7.000000000000001e-07,1,0.032849688,15.73
0.0001430928546278,25.44132598115065,4.1000000000000006e-06,1,0.02469023,7.01
0.0001948498445996,50.32956152306129,4.66e-05,3,0.028978122,8.05
0.0003044528821869,231.66239856797628,3.77e-05,13,0.05343284,24.74
0.0001537487055044,60.51376677531191,4.15e-05,1,0.01996113,8.38
0.0001750604072574,53.06359128606173,3.41e-05,4,0.027046973,8.23
0.0001461373834497,47.69906821399601,1.14e-05,3,0.030593116,9.23
0.0001659268207918,30.73067621154993,7e-06,2,0.023675995,5.23
0.0001567932343262,42.25547925544265,5e-07,2,0.025938923,9.27
0.0001994166378324,69.15113555194037,3.96e-05,5,0.0720894,48.82
0.0002405177769276,183.1876875191285,4.55e-05,13,0.03488805,21.73
0.0001598377631481,50.234645382658776,6.000000000000001e-07,2,0.05679669,24.19
0.0001598377631481,59.06824215658423,1.73e-05,3,0.041186687,13.84
0.0003029306177759,318.18800777383086,5.8200000000000005e-05,22,0.07557108,38.06
0.0002344287192839,175.05122384282734,3.0400000000000004e-05,11,0.046861965,33.05
0.0002389955125167,129.49462796209662,3.95e-05,11,0.03094192,15.47
0.0001309147393403,16.57825329643615,1.0000000000000001e-07,0,0.0204086,5.53
0.0001583154987372,54.12676328842189,2.14e-05,2,0.023417562,7.42
0.0001415705902169,34.16387828612863,4.0000000000000003e-07,1,0.0388891,14.21
0.0001978943734215,119.57959895176872,8.310000000000001e-05,11,0.047119163,23.07
0.0003105419398306,125.25417523637977,2.21e-05,6,0.03547443,16.03
0.0001339592681622,27.54116020446948,2.0000000000000002e-07,0,0.029428551,9.37
0.0006363065237706,1417.9451769158093,3.58e-05,39,0.09341316,141.45
0.0002268173972292,153.766186666021,1.24e-05,14,0.043699175,20.1
0.0002207283395855,289.3203388923103,0.000103,12,0.07117012,33.28
0.0003364204348165,388.0063370548897,2.95e-05,20,0.084805906,41.09
0.0001278702105185,42.22424220532972,1.0000000000000001e-07,1,0.032604933,14.76
0.0004368898859382,540.1162185325782,3.810000000000001e-05,35,0.08660895,56.19
0.0004840800826772,429.844426290574,4.5e-05,13,0.061699923,52.48
0.0001659268207918,33.74398559469956,2.64e-05,2,0.016164267,6.28
0.0001872385225449,38.69825589584583,4e-06,2,0.02114789,7.81
0.0002481290989823,96.34933704597108,5.3200000000000006e-05,5,0.03196181,11.44
0.0002983638245431,218.3471656725065,3.7e-05,12,0.0500976,23.45
0.0001826717293121,71.29036368118797,7.2e-05,3,0.03486528,10.45
0.0001370037969841,28.479662081007973,4.0000000000000003e-07,0,0.022911882,5.74
0.0001522264410934,45.369729729313306,3.430000000000001e-05,3,0.019917632,6.68
0.0001659268207918,52.75038656104212,3.800000000000001e-06,2,0.040667012,11.87
0.0001796272004902,30.36074426199288,7.5e-06,1,0.017571535,4.51
0.0002024611666543,54.18497357765311,2.6900000000000003e-05,4,0.06992075,47.88
0.0002344287192839,197.0365456297323,1.0600000000000002e-05,15,0.054065436,24.42
0.000138526061395,38.72365337872697,4.0000000000000003e-07,2,0.024129504,7.44
0.0002115947531199,91.47728414378676,2.53e-05,4,0.051235203,24.7
0.0001598377631481,70.54428944866862,1.13e-05,4,0.034669142,13.46
0.0002968415601322,320.0387798201365,7.21e-05,24,0.06791073,37.08
0.0002176838107636,86.68819017291125,5.5e-05,7,0.041669197,29.85
0.0001278702105185,28.54584384296832,1.0000000000000001e-07,0,0.028359765,9.9
0.0002176838107636,122.56825238438412,2.77e-05,9,0.033323284,14.55
0.0001887607869558,54.60180744815124,2.28e-05,1,0.02467805,6.77
0.0001674490852028,41.408093166028834,3.4000000000000005e-06,2,0.02251982,6.57
0.0001293924749294,25.70549687973186,1.0000000000000001e-07,0,0.028945215,13.01
0.0002131170175308,124.06883577986872,2.93e-05,9,0.04029387,14.73
0.000395788746843,450.3826477025141,3.3e-05,26,0.07868849,47.13
0.0003303313771728,133.88079179397823,1.13e-05,5,0.037578344,16.93
0.0001415705902169,37.78663456688226,3.680000000000001e-05,2,0.058276407,81.03
0.0002907525024885,174.06424428911063,0.0001002,11,0.042638324,21.91
0.0002907525024885,313.2281759800829,0.0001225,11,0.068079375,35.73
0.0003074974110088,331.7586985628058,2.96e-05,18,0.07898472,35.3
0.0001415705902169,78.28922404580942,3.0000000000000004e-07,1,0.047405347,27.82
0.0004947359335537,588.9021877840349,1.45e-05,23,0.07084808,63.19
0.0001354815325731,84.42901918655345,2.0000000000000002e-07,1,0.038814105,15.98
0.0002344287192839,50.08930504266744,7e-06,2,0.02415349,8.2
0.0002161615463527,141.17088898784257,1.07e-05,9,0.038680114,17.13
0.0001400483258059,55.29115445613315,3.0000000000000004e-07,2,0.02025164,8.66
0.0001598377631481,46.34892319338764,3.45e-05,3,0.020260297,7.28
0.0001430928546278,44.68381230843579,4.0000000000000003e-07,2,0.0327119,9.06
0.0001552709699153,26.179521432484243,6.000000000000001e-07,0,0.024062037,5.32
0.0001583154987372,43.31855856625944,1.08e-05,3,0.024400763,7.79
0.0002100724887089,71.59772883897578,3.77e-05,6,0.07056794,46.45
0.0002770521227901,163.40156529002624,1.05e-05,10,0.03258909,20.56
0.0001324370037513,22.0876532507764,2.0000000000000002e-07,1,0.016341953,5.8
0.0001674490852028,59.87104361364101,7.800000000000002e-06,3,0.04343368,22.49
0.0001902830513668,71.52496597743675,1.73e-05,4,0.035905488,15.51
0.0003044528821869,344.1658324079598,5.37e-05,21,0.07248066,37.27
0.0001339592681622,48.13054734834531,3.5e-06,1,0.025911232,8.11
0.0002115947531199,89.77593086538042,3.8400000000000005e-05,7,0.05039402,29.62
0.0002587849498588,128.5039407466454,6.0700000000000005e-05,9,0.030699586,14.81
0.0001293924749294,19.583961973030103,1.0000000000000001e-07,0,0.02377743,6.2
0.0001293924749294,25.74943267128537,1.0000000000000001e-07,1,0.021939715,6.57
0.0001872385225449,56.7693064981242,2.28e-05,1,0.025407115,6.94
0.000161360027559,46.31750076018798,6.7e-06,3,0.021004923,7.29
0.0001491819122715,31.334190850378786,4.0000000000000003e-07,1,0.051363666,20.56
0.000232906454873,130.41746496780695,2.92e-05,11,0.038152494,15.17
0.0004034000688976,339.10033225477935,3.3e-05,19,0.08111539,42.0
0.0003074974110088,186.23631238029895,2.2200000000000004e-05,7,0.044981886,21.36
0.0001430928546278,29.46219244064333,3.0000000000000004e-07,1,0.02452218,10.24
0.0006621850187565,1306.5558954270348,2.8200000000000004e-05,41,0.10102737,130.52
0.0002603072142698,150.74193968075468,6.05e-05,11,0.042272214,19.52
0.0002663962719135,289.66524412515963,0.0002165,11,0.06059562,33.05
0.0003409872280493,322.1513127848959,0.0002108,18,0.07321313,37.64
0.000441456679171,328.98036224207846,4.1800000000000006e-05,16,0.052564584,37.24
0.00048864687591,521.4676069236123,4.81e-05,22,0.069690466,55.98
0.0001704936140246,47.99271502336628,3.900000000000001e-06,1,0.034257088,15.3
0.0001552709699153,37.75966132776397,6.5e-06,1,0.024066193,7.0
0.0002146392819417,83.33006824845563,4.9e-05,5,0.027906638,11.14
0.0001309147393403,34.8168902091127,1.0000000000000001e-07,2,0.020786585,6.9
0.0001887607869558,133.72367962797995,3.72e-05,7,0.033321824,15.86
0.0001689713496137,72.65311475169354,7.49e-05,5,0.022206685,9.38
0.0001826717293121,58.19147284792471,3.78e-05,4,0.021021752,8.7
0.0001552709699153,59.20653793928007,1.09e-05,3,0.03756627,9.2
0.0001567932343262,31.3632959949944,1.17e-05,2,0.041856892,6.49
0.0001309147393403,24.41634289465557,1.0000000000000001e-07,1,0.028996464,11.72
0.0002222506039964,74.7786245325236,3.990000000000001e-05,6,0.06774526,49.13
0.0003379426992274,252.3914718676984,3.680000000000001e-05,12,0.04691473,28.35
0.0001476596478606,28.166086589814917,3.0000000000000004e-07,1,0.023748105,6.78
0.0001400483258059,33.78949714249021,3.0000000000000004e-07,1,0.024048286,7.49
0.0002039834310652,75.44554018701193,2.45e-05,5,0.051945183,24.93
0.00016288229197,59.23870190482662,2.0600000000000003e-05,4,0.03325796,12.67
0.00032576458394,349.08015265391714,1.42e-05,26,0.07316771,38.39
0.000138526061395,25.231286943892755,4.0000000000000003e-07,1,0.020662183,5.46
0.0001933275801887,124.79340557432812,7.240000000000001e-05,6,0.04723937,34.31
0.0001430928546278,24.10564084130673,4.3e-06,1,0.037249744,11.7
0.0002115947531199,125.6401428229384,3.96e-05,9,0.030790748,14.55
0.0001370037969841,34.90846945395418,1.0000000000000001e-07,0,0.024561236,7.3
0.0001659268207918,28.55576183810803,4.1000000000000006e-06,2,0.021013776,6.97
0.0001994166378324,62.52192906224589,2.3e-05,1,0.027712282,8.01
0.0001598377631481,52.01283995051206,2.2e-05,4,0.027512096,6.77
0.0001339592681622,67.21295538024457,0.0001186,2,0.036135245,15.36
0.0002252951328183,109.34598910690625,5.7e-05,7,0.0441702,13.66
0.000371432516268,317.17266460784543,2.86e-05,17,0.056823105,34.28
0.0003425094924603,369.3472513015239,5.7900000000000005e-05,20,0.06323731,38.58
0.0001400483258059,25.049518827360213,3.0000000000000004e-07,1,0.029013515,11.63
0.0006241284084832,1392.285933116215,0.0001228,45,0.10747296,137.97
0.0002846634448447,214.95168905607608,0.0001216,14,0.05473027,28.03
0.0002161615463527,293.8392370142861,0.0001955,10,0.06035105,33.73
0.0003455540212821,343.3209489902167,0.0001653,18,0.07022598,38.96
0.0001537487055044,62.9303280022981,0.0001175,1,0.05201264,32.93
0.0002466068345714,124.54981219837325,1.3e-05,8,0.06316452,55.37
0.0001476596478606,43.45231246333056,3.0000000000000004e-07,1,0.03220816,13.98
0.0001476596478606,36.99449263731209,7.000000000000001e-07,0,0.019596893,6.09
0.000184193993723,57.7376550516252,3.29e-05,4,0.024343599,9.23
0.0002222506039964,98.93292843409527,4.990000000000001e-05,6,0.030035235,11.72
0.0001933275801887,69.7250815884368,6.7e-06,5,0.02190275,9.19
0.0001354815325731,52.08856894143867,3.54e-05,3,0.0213125,7.84
0.0001735381428465,51.17120073678667,4.39e-05,1,0.019003624,7.1
0.0001567932343262,46.75213140701159,3.800000000000001e-06,1,0.033344224,9.26
0.0001598377631481,29.03145483864093,7e-06,2,0.0170825,4.77
0.0001400483258059,35.2874851747607,1.13e-05,1,0.026545111,11.04
0.0001918053157777,44.68344154226234,2.23e-05,4,0.07596924,47.14
0.0001278702105185,21.6542275940165,1.0000000000000001e-07,0,0.017762642,5.38
0.0002405177769276,181.0331652852262,4.85e-05,11,0.039890353,20.62
0.0001491819122715,38.23118320884559,7.100000000000001e-06,2,0.02173048,6.91
0.0002176838107636,191.33406919056932,0.0003557,10,0.05501573,22.55
0.0001309147393403,38.04737587835909,1.0000000000000001e-07,0,0.024229348,10.31
0.0003196755262962,328.9245619329746,3.41e-05,21,0.06858823,35.6
0.0002055056954761,119.5376096826258,3.83e-05,11,0.0586759,35.33
0.0002222506039964,118.80126806215948,2.76e-05,8,0.03811462,14.54
0.0001902830513668,58.42301632324255,2.28e-05,1,0.029300604,7.5
0.0001644045563809,46.07437084194992,3.900000000000001e-06,3,0.02241822,7.5
0.0001491819122715,34.25332562547279,3.2000000000000003e-06,2,0.035611037,14.35
0.0002161615463527,109.30705865869427,5.7400000000000006e-05,9,0.034463145,13.3
0.000371432516268,306.99522583826024,4.32e-05,18,0.060388133,32.67
0.0002755298583791,146.93296608938715,1.42e-05,4,0.055375498,18.34
0.0003425094924603,224.2405866909948,4.58e-05,13,0.05190431,30.45
0.0006195616152504,1426.0716299054272,2.25e-05,40,0.11935583,140.63
0.0002892302380775,195.0478485669043,0.0001056,13,0.06266293,24.48
0.0002389955125167,295.12180989978367,3.31e-05,11,0.06312425,35.65
0.0003394649636384,325.43055420595056,2.95e-05,15,0.08931174,42.96
0.0001446151190387,23.69464653804039,4.0000000000000003e-07,0,0.033215914,13.74
0.0004825578182662,483.748081034124,4.1200000000000005e-05,18,0.05393525,51.38
0.0001278702105185,24.69515905708795,1.0000000000000001e-07,1,0.02679755,11.86
0.0001491819122715,35.76354894146704,3.800000000000001e-06,1,0.01935736,6.99
0.0002694408007354,129.16798296328952,5.33e-05,9,0.04035943,14.95
0.0002070279598871,154.03369446016325,3.69e-05,11,0.045038372,17.39
0.0001415705902169,48.30684666381951,4.1200000000000005e-05,1,0.022785885,7.96
0.000161360027559,46.31703730247117,5e-07,3,0.03707945,8.65
0.0001689713496137,61.80180846186786,7.3e-06,2,0.029358786,9.65
0.0001476596478606,25.58916899281277,4.3e-06,2,0.014366612,4.3
0.0001370037969841,24.500136049854667,2.0000000000000002e-07,0,0.022030644,8.81
0.0002070279598871,66.19798298043257,2.92e-05,6,0.06364458,45.4
0.0001963721090105,116.68076362467096,5e-07,6,0.03250852,14.78
0.0001370037969841,32.65856762193256,3.0000000000000004e-07,2,0.024297953,7.01
0.0001750604072574,82.05305685555975,9.6e-05,4,0.05162001,24.93
0.0001720158784356,62.56549408762594,2.1900000000000004e-05,4,0.03129219,14.35
0.0003166309974744,366.7353889926743,6.85e-05,20,0.075242795,39.1
0.0001933275801887,120.73444289051372,4.47e-05,9,0.053473357,31.33
0.0001278702105185,19.76999390055729,1.0000000000000001e-07,0,0.027525583,7.95
0.0002298619260511,104.68119449567897,4.91e-05,8,0.02557553,12.37
0.0001324370037513,28.62175821698165,1.0000000000000001e-07,0,0.018717067,5.13
0.0001872385225449,55.45938960733486,2.28e-05,1,0.022735436,6.9
0.0001583154987372,52.66455419188907,2.13e-05,3,0.021696031,7.09
0.0001933275801887,60.132989915181525,3.6000000000000003e-06,3,0.045198046,16.94
0.0002131170175308,112.02088166524184,5.71e-05,8,0.051959686,28.64
0.0002618294786807,103.6676124690174,2.2e-05,4,0.027363375,13.11
0.0001415705902169,32.20873556199762,3e-06,1,0.109211124,147.84
0.0002222506039964,114.10588524162276,6.16e-05,5,0.033313222,16.76
0.0002207283395855,298.5837463528045,0.0001027,12,0.05683083,34.55
0.0001324370037513,21.24981439032885,1.0000000000000001e-07,1,0.023758689,6.45
0.000348598550104,372.4942218902012,2.39e-05,18,0.06124896,38.77
0.0001659268207918,33.63618532976975,5e-07,1,0.060613077,34.93
0.0002800966516119,244.02179626829889,8.02e-05,17,0.06992411,64.63
0.0001476596478606,73.30473630152719,4.0000000000000003e-07,3,0.03710977,16.65
0.0001339592681622,23.603438059372355,2.0000000000000002e-07,0,0.023311786,6.51
0.0001720158784356,39.30937124123035,6.000000000000001e-07,1,0.02386659,7.92
0.0002070279598871,59.00085540456018,4.26e-05,2,0.029228238,8.36
0.0002146392819417,112.1285892386283,3.72e-05,6,0.039282046,13.21
0.0001476596478606,57.95288481531136,6.100000000000001e-06,3,0.018366955,8.26
0.0001491819122715,45.84393966515241,3.680000000000001e-05,3,0.019003592,6.83
0.0001659268207918,57.72847858883238,7.9e-06,2,0.030927286,9.77
0.0001826717293121,32.49033247073085,7e-06,3,0.018420521,5.36
0.0001644045563809,58.0554943538129,3e-05,3,0.038066376,15.83
0.0002055056954761,71.37350799558352,3.78e-05,4,0.07594393,52.78
0.0001309147393403,25.09197155421993,1.0000000000000001e-07,0,0.023994725,7.15
0.0002268173972292,184.87263439435975,5.41e-05,14,0.036153402,20.89
0.0001339592681622,32.66894907478909,7.7e-06,0,0.02018299,6.45
0.00016288229197,91.50156932814755,4.61e-05,5,0.061270557,24.75
0.0001476596478606,64.95962396111857,7.35e-05,3,0.034761753,13.28
0.0003181532618853,310.48228169953217,1.4e-05,21,0.0677446,34.62
0.0001461373834497,32.81271365854328,3.0000000000000004e-07,2,0.019507159,6.32
0.0002161615463527,119.94637938885148,6.85e-05,9,0.050587796,30.97
0.0001354815325731,69.9288176007461,7.3e-06,2,0.03593393,13.15
0.0002115947531199,112.15278173144571,2.76e-05,7,0.029198337,13.28
0.0001430928546278,38.54503677466873,4.0000000000000003e-07,0,0.020112384,7.75
0.0001598377631481,30.168038543343645,3.3e-06,1,0.026929619,7.46
0.0001933275801887,59.62819177003302,2.29e-05,1,0.027967649,7.98
0.00016288229197,58.45267761711833,2.4700000000000004e-05,4,0.022128766,7.33
0.0001339592681622,20.215747532584317,1.0000000000000001e-07,1,0.022193028,10.94
0.0002024611666543,106.26075108610785,2.89e-05,6,0.035095494,13.03
0.0003562098721587,309.646852819212,1.89e-05,17,0.07332944,34.69
0.0002953192957213,121.25175439401607,2.23e-05,4,0.034736045,16.15
0.0001324370037513,38.090755520652415,7.3e-06,2,0.103313155,111.24
0.0002892302380775,436.3973476400817,0.0005329,28,0.069811255,46.14
0.0002420400413386,352.7224668503201,0.0001378,14,0.05461237,36.78
0.0003501208145149,446.9250677520313,0.0002046,26,0.07483426,45.78
0.0001354815325731,28.027790807119064,3.0000000000000004e-07,0,0.03597213,13.67
0.0003927442180211,299.2880166992677,3.8e-05,14,0.07250914,48.19
0.0004749464962116,386.3508660904474,4.5e-05,12,0.05975047,45.02
0.000138526061395,42.54634531851207,4.0000000000000003e-07,0,0.02636172,8.1
0.0001324370037513,29.738691314491664,1.0000000000000001e-07,1,0.01847565,5.68
0.0002298619260511,75.66549721940954,6.18e-05,5,0.037126902,11.07
0.0001507041766825,34.04273043895472,4.0000000000000003e-07,2,0.021794895,8.03
0.0002252951328183,149.54640415447383,3.7e-05,11,0.042299896,17.01
0.0001735381428465,62.17062811290456,3.900000000000001e-06,6,0.024659934,9.47
0.0001598377631481,73.49327090072514,2.68e-05,5,0.030742297,10.67
0.0001552709699153,25.76991750236833,4.5e-06,1,0.017612118,4.3
0.0001430928546278,39.92567731304314,3.0000000000000004e-07,1,0.036517937,15.55
0.0001994166378324,82.85317025785903,3.8e-05,7,0.06714082,47.2
0.0002481290989823,201.500848432668,4.7900000000000006e-05,15,0.039230403,22.55
0.0001324370037513,45.12446790557791,1.0000000000000001e-07,2,0.02434731,8.45
0.0001735381428465,80.8300846324438,7.600000000000001e-06,4,0.047109697,25.99
0.0002039834310652,66.61843182112182,1.12e-05,3,0.04102815,12.89
0.0003455540212821,371.88885342050514,7.240000000000001e-05,19,0.0663515,39.69
0.0001765826716684,109.18795002547434,1.75e-05,6,0.055899855,29.32
0.0001324370037513,27.11857945828291,1.0000000000000001e-07,1,0.032341838,10.75
0.0002389955125167,119.13810913073634,2.76e-05,7,0.02733478,13.84
0.0001887607869558,58.99566467813191,2.29e-05,1,0.026808713,7.3
0.000161360027559,62.40587924995688,2.14e-05,3,0.025925143,8.2
0.0001370037969841,61.866229084504326,4.61e-05,2,0.044606905,17.02
0.000231384190462,143.6691114645305,5.7400000000000006e-05,12,0.04461196,16.66
0.0003973110112539,308.8045647646831,2.6900000000000003e-05,16,0.061015356,33.78
0.000278574387201,126.70266598449504,2.21e-05,4,0.033364672,15.99
0.000674363134044,1323.5958453009562,2.8e-05,46,0.10486372,130.16
0.0003562098721587,267.05101021654474,7.45e-05,14,0.03197378,30.45
0.0002222506039964,304.72697108065296,0.000162,11,0.053271756,33.76
0.0003668657230352,355.958977469885,2.95e-05,17,0.07720226,43.09
0.0004018778044867,316.0768651822219,0.0002167,14,0.060998958,34.69
0.0004566793232804,601.7605440622743,0.000383,27,0.07378047,61.03
0.0001370037969841,23.503145809454857,7.4e-06,2,0.03224652,13.08
0.000161360027559,69.3664580071699,6.9e-06,4,0.023207178,9.82
0.000138526061395,24.114909995642915,1.0000000000000001e-07,0,0.02101335,6.38
0.0002146392819417,85.46725716374927,4.61e-05,4,0.033503566,12.0
0.0001293924749294,28.547512290748827,1.0000000000000001e-07,1,0.028082853,6.83
0.0001309147393403,20.813607987268096,1.0000000000000001e-07,1,0.028222175,5.9
0.0001887607869558,112.4379009188267,3.680000000000001e-05,9,0.043673225,13.7
0.0001476596478606,52.129631295147966,3.0000000000000004e-07,1,0.026117658,8.17
0.0001720158784356,62.27546224844679,1.02e-05,4,0.024415608,8.32
0.0001735381428465,51.89048711327445,2.32e-05,4,0.027779205,8.96
0.0001537487055044,28.41107033892022,4.5e-06,2,0.025839405,5.61
0.0001659268207918,41.55630694386439,4e-06,1,0.024750944,8.4
0.0002100724887089,70.75349426203627,3.3600000000000004e-05,3,0.06398222,47.28
0.0002587849498588,208.95806847921364,1.07e-05,17,0.049769305,23.9
0.0001491819122715,39.94356678091197,7.800000000000002e-06,1,0.026059493,7.86
0.0001278702105185,25.88244503600959,1.0000000000000001e-07,0,0.020020846,6.28
0.0002192060751745,94.1260376868943,7.800000000000002e-06,4,0.06614637,27.02
0.0002055056954761,72.8122661316458,3.26e-05,5,0.038959358,12.65
0.0002694408007354,292.1582758754193,1.4e-05,19,0.06941028,35.15
0.0001309147393403,17.998380432282694,2.0000000000000002e-07,0,0.017695751,6.25
0.0001963721090105,113.98937197161696,3.85e-05,8,0.051099952,32.24
0.0001644045563809,82.88802227816308,4.1000000000000006e-06,2,0.040168274,12.91
0.0002405177769276,120.06205843496704,2.78e-05,9,0.034461316,13.82
0.0001461373834497,31.538112245774805,3.0000000000000004e-07,0,0.020985259,6.65
0.0001750604072574,50.22723005918984,2.29e-05,1,0.025182303,6.2
0.0001644045563809,48.96477123860176,1.14e-05,2,0.022694945,7.17
0.0001430928546278,34.20419910749103,4.0000000000000003e-07,1,0.05081586,17.96
0.0001933275801887,116.31732008314924,2.92e-05,8,0.048272748,22.14
0.0003059751465978,176.73783916583915,2.28e-05,6,0.042754952,21.2
0.0001461373834497,31.68799447139088,7.2000000000000005e-06,0,0.02541722,10.55
0.0005769382117442,1377.9617527712517,2.81e-05,40,0.104184315,130.55
0.0004140559197742,468.8914804640904,0.0002376,22,0.07302725,49.37
0.0002679185363245,319.26276621911126,4.190000000000001e-05,12,0.06668335,36.34
0.0001522264410934,30.71269405213774,5e-07,1,0.02512509,7.87
0.0001278702105185,15.33349856063018,1.0000000000000001e-07,1,0.08329544,39.52
0.0004216672418289,383.9673030528981,3.82e-05,21,0.06294878,47.34
0.000465812909746,387.1280846815364,4.5e-05,12,0.066788,48.6
0.0001446151190387,38.10808883926108,3.7e-06,1,0.032001223,7.65
0.00016288229197,33.18941209076575,5e-07,1,0.03073426,7.72
0.0001994166378324,70.52324846832549,5.9e-05,4,0.027651567,9.51
0.0001278702105185,29.593629049130403,1.0000000000000001e-07,1,0.020017281,6.89
0.000185716258134,86.1618875897028,6.7e-06,5,0.03459073,11.11
0.0001370037969841,42.05183593467672,2.0000000000000002e-07,0,0.014672303,6.61
0.000161360027559,47.84496470324753,4.71e-05,4,0.018343063,6.6
0.0001796272004902,72.42945005756145,2.98e-05,6,0.033257443,11.05
0.0001476596478606,23.689085045438684,4.0000000000000003e-07,1,0.017727014,4.61
0.0001370037969841,41.89147956466076,3.0000000000000004e-07,1,0.026094938,7.96
0.0001902830513668,62.39290243388622,3.77e-05,6,0.062239543,44.46
0.0001293924749294,17.4058960871139,1.0000000000000001e-07,1,0.022443218,6.3
0.0001370037969841,22.67318573019306,3.0000000000000004e-07,0,0.022447662,7.9
0.0002511736278042,177.88211626864089,6.429999999999999e-05,12,0.038826223,20.81
0.0001537487055044,50.11757596339279,1.09e-05,3,0.027478073,8.73
0.0001293924749294,26.807506638760614,1.0000000000000001e-07,0,0.023066187,5.75
0.0001278702105185,31.98497817632217,1.0000000000000001e-07,0,0.017651258,5.65
0.0001400483258059,29.4909268190855,3.0000000000000004e-07,0,0.037673436,19.99
0.0001750604072574,89.72754587974555,5.02e-05,5,0.036004413,14.39
0.0002709630651463,317.2825040867292,0.0001821,20,0.06193297,34.36
0.0002055056954761,93.62985985527844,3.49e-05,6,0.057702698,33.72
0.0001324370037513,27.84324194428567,7.2000000000000005e-06,0,0.02940752,11.49
0.0002252951328183,102.42851191735647,3.95e-05,8,0.025010837,12.72
0.0001537487055044,28.69674567556137,5e-07,0,0.022372479,6.94
0.0001811494649012,48.06714633268582,5e-07,1,0.023412235,6.77
0.000185716258134,60.121310780717934,2.48e-05,4,0.019886237,7.49
0.0001446151190387,29.52893035186385,3.0000000000000004e-07,0,0.036266997,14.73
0.0002222506039964,131.79838358081145,2.9400000000000003e-05,11,0.040920626,15.57
0.0003744770450899,314.47728721842685,3.29e-05,20,0.054667987,33.39
0.0002572626854479,95.82572251752012,2.1900000000000004e-05,4,0.0330574,14.48
0.0006226061440722,1443.883607644009,3.59e-05,43,0.102312766,140.53
0.0002511736278042,141.03370550366705,0.0001465,10,0.06378123,46.15
0.0002298619260511,289.3249734694784,4.740000000000001e-05,11,0.074337415,33.85
0.0003440317568712,393.2614841057885,2.9700000000000004e-05,17,0.09414384,42.8
0.000394266482432,311.76939647065444,4.85e-05,15,0.06450537,34.57
0.0004993027267865,624.1242327291823,0.0003217,28,0.085779324,64.74
0.0001293924749294,30.01815631772757,1.0000000000000001e-07,0,0.025628462,12.88
0.0001826717293121,86.8327889805557,4e-06,5,0.03590647,10.56
0.0001552709699153,29.002998534828844,6.7e-06,1,0.022937523,6.6
0.0003090196754197,137.5110560897442,6.15e-05,9,0.03398621,15.62
0.0002435623057495,199.7991243880882,5.28e-05,15,0.05202966,21.76
0.0001552709699153,60.4768755410539,7.21e-05,3,0.021450715,9.0
0.0002039834310652,53.2608388903357,3.4200000000000005e-05,2,0.02891633,8.08
0.0001293924749294,54.14706273641812,3.800000000000001e-06,2,0.033398088,9.38
0.0001476596478606,25.227208515984834,4.2e-06,2,0.0181548,4.46
0.0001461373834497,33.19673472269133,1.07e-05,2,0.034182183,13.67
0.0002207283395855,67.90146816433622,3.78e-05,6,0.04884326,37.33
0.0002268173972292,182.37867572866648,0.0001403,14,0.04534223,20.76
0.0001400483258059,38.77500449374942,4.0000000000000003e-07,3,0.024743268,8.34
0.0001644045563809,31.30490032267645,4.0000000000000003e-07,0,0.017523395,6.23
0.0001507041766825,23.63995852745692,4.0000000000000003e-07,0,0.022227002,7.28
0.0001735381428465,71.12083084837919,7.18e-05,4,0.043501213,23.71
0.0001704936140246,49.72567611805899,2.13e-05,2,0.029887553,12.16
0.0001415705902169,22.109064997292982,3.0000000000000004e-07,1,0.024681857,6.01
0.0003546876077477,360.7266596942439,7.23e-05,22,0.0724417,41.53
0.0002192060751745,121.51101264079912,1.14e-05,10,0.041252024,31.26
0.0002283396616402,133.34197585241594,5.96e-05,11,0.039130554,16.12
0.0001811494649012,45.81974717233497,5e-07,1,0.021193923,6.67
0.0001537487055044,52.68086790352075,2.14e-05,2,0.0261853,6.99
0.0001537487055044,37.87988225950426,4.0000000000000003e-07,0,0.033083905,16.66
0.000208550224298,91.90079180540694,3.9e-05,5,0.049531855,34.76
0.0002618294786807,153.3624223031369,1.55e-05,6,0.04227576,18.3
0.0001293924749294,23.10596254614943,1.0000000000000001e-07,0,0.02832001,10.81
0.0005967276490863,1201.1544876394344,2.8e-05,36,0.09598834,132.95
0.000208550224298,143.7910008440513,0.0001065,12,0.03659114,19.47
0.0004262340350617,640.4968961824419,4.57e-05,25,0.08063547,61.92
0.0001522264410934,19.41331684170098,4.0000000000000003e-07,1,0.025196392,7.57
0.0003288091127618,394.0143248209732,2.96e-05,21,0.07369597,42.88
0.0001583154987372,28.33052138773879,4.0000000000000003e-07,0,0.051119857,33.34
0.0004521125300475,627.644286779891,4.490000000000001e-05,27,0.083268516,72.89
0.0001354815325731,19.50832567364685,2.0000000000000002e-07,0,0.015475117,5.82
0.0001750604072574,46.86317587595906,3.900000000000001e-06,1,0.019797595,7.76
0.0002161615463527,66.632057477996,4.57e-05,2,0.032512687,9.99
0.0002679185363245,227.81430914531003,5.23e-05,15,0.058749024,24.4
0.0001522264410934,54.50763284009562,3.6000000000000003e-06,1,0.020735597,8.37
0.0001674490852028,62.6568879493807,3.96e-05,3,0.04293296,9.6
0.0001750604072574,63.07223875518505,4.1000000000000006e-06,4,0.033186857,9.74
0.0001735381428465,30.98733909511883,4.5e-06,2,0.018647797,5.35
0.0001476596478606,38.61149661125916,8.000000000000001e-07,3,0.027890926,13.2
0.0001948498445996,74.79252826402787,3.39e-05,6,0.06387495,44.71
0.0002587849498588,173.21213093098535,7.840000000000001e-05,10,0.03545811,22.58
0.0001461373834497,57.31359124074484,3.52e-05,4,0.026868913,8.97
0.000161360027559,63.16919410954152,4.28e-05,3,0.04249021,20.11
0.0001567932343262,72.62299000010094,1.5600000000000003e-05,3,0.030533295,12.39
0.0003181532618853,327.7259675857629,7.240000000000001e-05,22,0.061848555,35.94
0.0001293924749294,39.27887572346431,3.4000000000000005e-06,1,0.027106868,6.85
0.0002222506039964,126.71545741747896,3.39e-05,8,0.06131354,35.82
0.0001430928546278,43.53369563840224,4.0000000000000003e-07,1,0.027746748,10.45
0.0002268173972292,109.9793504226976,2.77e-05,6,0.039486684,13.56
0.0001750604072574,43.46065470223312,4.0000000000000003e-07,1,0.024041887,6.27
0.000161360027559,41.78785041918224,6.5e-06,2,0.023710113,7.03
0.0001704936140246,77.38195921938386,9.59e-05,2,0.040062524,16.86
0.0002222506039964,126.4727909569577,4.17e-05,8,0.04072977,16.37
0.0002770521227901,105.35255934424868,2.21e-05,5,0.034229215,13.79
0.0005952053846754,1090.0576479699666,2.07e-05,32,0.09831649,123.97
0.0002481290989823,144.25705392407457,8.15e-05,10,0.040389173,20.88
0.0002663962719135,303.84464027939174,4.240000000000001e-05,10,0.063004434,34.93
0.0001415705902169,27.16566676231072,3.0000000000000004e-07,0,0.0798174,44.5
0.0001293924749294,27.83823660094413,1.0000000000000001e-07,0,0.04888711,26.21
0.0005464929235255,667.4282387231339,0.0001167,25,0.08543226,78.05
0.0001507041766825,39.96442237816838,6.000000000000001e-07,1,0.02887859,7.57
0.0002587849498588,112.4077761672341,4.95e-05,6,0.038585767,13.85
0.0002176838107636,169.10747131629358,6.800000000000001e-06,13,0.051688924,19.43
0.0001400483258059,68.35204175661806,3.3e-06,2,0.024371,9.46
0.000161360027559,53.82820382725344,3.69e-05,4,0.022425538,7.72
0.00016288229197,62.70601446736247,6.000000000000001e-07,4,0.036126345,10.27
0.0001720158784356,23.524742939058164,6.000000000000001e-07,2,0.0190619,5.07
0.0001339592681622,29.454777117174388,3.0000000000000004e-07,1,0.035918318,15.51
0.0002039834310652,72.55402749183975,3.74e-05,6,0.047803897,35.71
0.0002526958922151,200.7509738468708,2.9100000000000003e-05,15,0.037347537,23.32
0.0001446151190387,46.78392460638469,3.49e-05,3,0.02346902,7.37
0.0002207283395855,62.61888441660236,1.5e-05,3,0.06893627,26.54
0.0001659268207918,85.28187407702562,1.7100000000000002e-05,8,0.031907678,13.6
0.0003303313771728,309.21120256541144,6.240000000000001e-05,15,0.06966352,36.95
0.0001309147393403,37.921593454017085,2.0000000000000002e-07,1,0.02828847,7.99
0.000208550224298,119.80140981503358,7.860000000000001e-05,9,0.049824346,32.87
0.0002374732481058,115.9694487209123,3.96e-05,11,0.036473095,14.77
0.0001552709699153,27.910165238592903,6.7e-06,2,0.030112838,7.72
0.0001750604072574,44.581110078390886,5e-07,1,0.023059439,6.16
0.000185716258134,53.15322400849261,1.03e-05,3,0.025372433,7.7
0.0001476596478606,61.93204008029122,0.0001285,2,0.034878384,14.68
0.0002176838107636,124.63267843813873,2.54e-05,11,0.058236264,36.39
0.0002892302380775,126.16329389367256,2.25e-05,5,0.042700198,16.11
0.000138526061395,31.95142383762519,3.0000000000000004e-07,1,0.024520192,11.51
0.0006012944423191,1106.932421513617,2.81e-05,27,0.09211318,126.05
0.0001415705902169,24.06893499013545,5e-07,1,0.040032454,21.98
0.000394266482432,316.47812687343526,4.6e-05,16,0.05910192,52.42
0.0001704936140246,38.242398885592365,3.4000000000000005e-06,1,0.020824129,8.7
0.000348598550104,426.6521295371927,3.5e-05,21,0.06406806,44.58
0.0001598377631481,60.98844016886783,1.33e-05,2,0.06898706,44.27
0.0005632378320458,776.5866201462758,0.0001304,26,0.07870299,87.08
0.0001826717293121,56.20342462590025,6.6e-06,3,0.03168045,10.16
0.0001750604072574,50.63053096435714,6.9e-06,1,0.024280867,8.13
0.000232906454873,110.33593479001055,6.16e-05,4,0.0460455,13.98
0.0003196755262962,212.565901421486,3.06e-05,14,0.04970092,23.48
0.0001446151190387,58.53693423003424,5e-07,3,0.023507994,8.88
0.0001796272004902,45.7011946883752,1.69e-05,4,0.022024771,7.87
0.0001689713496137,83.87231377712232,3.8400000000000005e-05,5,0.03778557,13.47
0.0001461373834497,24.29278506735426,5e-07,2,0.015023114,3.95
0.0001537487055044,43.80092535791439,4.3e-05,3,0.029042719,8.22
0.0002161615463527,75.6153510944508,3.77e-05,7,0.059445705,42.95
0.0002222506039964,209.13066013295332,0.0001624,14,0.0495256,23.2
0.0001537487055044,47.84468662861744,1.09e-05,1,0.025647461,8.38
0.0001522264410934,60.547043039378806,6.92e-05,4,0.05521304,27.04
0.0002831411804338,90.73130260281076,1.75e-05,5,0.033272162,14.95
0.0003135864686525,366.16274063778496,0.0001556,26,0.076811224,39.5
0.0001370037969841,37.01887051321626,3.0000000000000004e-07,0,0.02847656,7.57
0.0001644045563809,68.34119684604472,1.7800000000000002e-05,3,0.06252163,34.84
0.0001354815325731,54.37897697790941,3.0000000000000004e-07,1,0.03336859,12.02
0.0001811494649012,82.97505963737984,4.9e-05,4,0.027650727,12.22
0.000184193993723,48.65981606094135,2.2700000000000003e-05,1,0.02338817,6.1
0.0001704936140246,57.07741318825891,2.2e-05,3,0.033305403,7.83
0.0001461373834497,35.01080091782564,6.7e-06,0,0.053721108,17.17
0.0002207283395855,118.64888316487264,5.71e-05,10,0.055996727,35.98
0.0002922747668994,121.70084492160412,2.26e-05,7,0.027167328,15.77
0.0001583154987372,38.01289462422849,4.1000000000000006e-06,1,0.03470032,11.43
0.0005860717982098,1104.753799478441,9.3e-06,34,0.08555746,121.42
0.0002481290989823,151.27834564218958,0.0001144,9,0.037508044,19.95
0.0003622989298024,293.0654480103016,4.57e-05,14,0.08248199,62.02
0.0001400483258059,35.54359190906942,6e-06,0,0.019641537,7.78
0.0003303313771728,424.5153113880725,3.18e-05,22,0.09522843,45.31
0.000161360027559,40.096785902089074,4.0000000000000003e-07,2,0.04705729,34.87
0.0004810355538553,549.2874905989707,4.51e-05,22,0.08132125,66.25
0.0001278702105185,38.24721884584718,1.0000000000000001e-07,0,0.027480317,8.13
0.0001872385225449,59.74924692566356,2.6e-05,2,0.023738403,8.68
0.0002237728684073,90.41902479322478,4.880000000000001e-05,3,0.0329735,12.09
0.0001354815325731,24.50430716930595,2.0000000000000002e-07,1,0.017344885,7.02
0.0002694408007354,196.24282794392496,5.58e-05,15,0.05411962,22.09
0.0001430928546278,53.41869258868088,3.0000000000000004e-07,2,0.029441379,7.91
0.0001720158784356,41.40800047448547,6.000000000000001e-07,1,0.02007797,7.06
0.000185716258134,79.53286648309503,2.67e-05,5,0.04640501,11.51
0.0001567932343262,21.456979989742536,7.000000000000001e-07,0,0.016923936,4.6
0.0001567932343262,58.234110957871145,4.98e-05,4,0.02339997,8.82
0.0001887607869558,62.97139035600738,3.95e-05,3,0.054496326,38.14
0.000278574387201,221.78222157795244,1.05e-05,16,0.048588835,25.16
0.0001430928546278,51.064976228094025,3.49e-05,3,0.022225583,8.51
0.0001324370037513,32.87972964439388,1.0000000000000001e-07,0,0.0159423,5.68
0.0002039834310652,61.47877843325189,7.9e-06,3,0.04051897,22.5
0.0001415705902169,56.375923588096605,2.68e-05,2,0.033734437,10.67
0.0003272868483509,313.32948783697736,3.72e-05,20,0.064659946,34.21
0.0001735381428465,52.048711577793085,6.9e-06,2,0.029372828,8.95
0.0002740075939682,146.00438220798836,1.8100000000000003e-05,11,0.06393104,35.46
0.0002359509836948,103.03017272531812,3.9300000000000007e-05,9,0.033812284,14.37
0.000185716258134,46.2667057944257,5e-07,1,0.025822213,6.55
0.0001735381428465,54.716559578833184,2.18e-05,3,0.022332052,7.48
0.0001598377631481,34.84126808501686,4e-06,1,0.04153509,17.07
0.0002268173972292,151.77832382708326,5.72e-05,14,0.060095288,29.78
0.0002587849498588,128.62555205153612,1.53e-05,7,0.046258725,17.92
0.0001476596478606,33.21731224531766,4e-06,1,0.028437521,10.63
0.0007124197443174,1386.090059591737,3.61e-05,39,0.09531662,136.21
0.0001446151190387,24.791187496010803,4.0000000000000003e-07,1,0.03799114,19.06
0.0004094891265414,691.9712909575651,4.55e-05,35,0.08326544,70.35
0.0001309147393403,21.929521477801128,1.0000000000000001e-07,1,0.024132585,7.3
0.0003288091127618,345.53405227952373,3.05e-05,17,0.07351725,39.56
0.000185716258134,42.17632067741165,6.000000000000001e-07,2,0.051670846,37.4
0.0005053917844303,625.2179002493084,4.5e-05,25,0.078776106,69.93
0.0001339592681622,33.95374655732737,2.0000000000000002e-07,1,0.02666109,6.92
0.0001537487055044,24.104065085069585,2.9e-06,1,0.015770735,5.18
0.0002024611666543,62.630934317239394,5.25e-05,3,0.026651645,9.12
0.0002344287192839,202.91532138436943,3.71e-05,15,0.054533847,22.18
0.0001796272004902,61.05999804034315,3.5e-06,3,0.020835752,8.67
0.00016288229197,63.597150965243074,3.44e-05,4,0.020822885,8.58
0.0001796272004902,73.23262228079169,1.14e-05,6,0.032209467,10.03
0.0001689713496137,28.07775154899109,4.2e-06,2,0.017827071,4.88
0.0001583154987372,53.22635763620509,7.000000000000001e-07,2,0.031130295,8.67
0.0001811494649012,60.48484701378302,1.13e-05,4,0.021243826,8.71
0.0004079668621304,421.2767615545537,5.2e-05,19,0.065331966,42.7
0.0002724853295573,209.1361289340117,1.0600000000000002e-05,15,0.04566433,23.84
0.0001567932343262,44.58379813314838,6.000000000000001e-07,2,0.024432972,8.48
0.0001567932343262,38.790391289947486,6.000000000000001e-07,1,0.041884173,20.79
0.0001324370037513,32.635858193808915,6.300000000000001e-06,0,0.0272953,10.63
0.0002831411804338,264.47270224639215,1.44e-05,17,0.06982056,30.19
0.0002450845701604,95.6327387242408,3.5e-05,5,0.04526518,31.58
0.0001446151190387,21.682683897828586,3.800000000000001e-06,1,0.03579262,10.9
0.000232906454873,122.76318270007404,3.96e-05,7,0.029289203,14.76
0.0001415705902169,31.912956847130037,2.0000000000000002e-07,2,0.022372302,8.52
0.0001963721090105,47.55882590888957,6.000000000000001e-07,1,0.027916975,6.84
0.0001689713496137,51.81633387858499,2.5e-05,3,0.020394906,7.12
0.0001644045563809,37.88757565760329,3.800000000000001e-06,1,0.047749676,17.99
0.0001278702105185,14.275795359328374,1.0000000000000001e-07,0,0.02539292,6.57
0.0002298619260511,119.65569870886878,2.92e-05,12,0.06892854,44.8
0.0002709630651463,136.16109645222255,1.1100000000000002e-05,6,0.027956674,16.6
0.0001278702105185,29.872723286192866,1.0000000000000001e-07,0,0.029613297,11.43
0.0005952053846754,1342.9999856798645,2.8200000000000004e-05,45,0.09421857,131.01
0.0001430928546278,28.57893472394849,7.600000000000001e-06,2,0.04058314,26.27
0.0004582015876913,712.121876335166,4.56e-05,29,0.09912636,74.18
0.0001293924749294,21.764437839073715,1.0000000000000001e-07,1,0.018922992,5.73
0.0003562098721587,409.896186552132,3.18e-05,23,0.057733633,43.53
0.0001293924749294,35.94003364002796,1.0000000000000001e-07,0,0.060054827,47.9
0.0005099585776631,556.475349020507,4.52e-05,18,0.07712604,58.01
0.0002420400413386,148.8704974202794,0.0001199,12,0.04420856,22.98
0.0001507041766825,43.79934960167724,2.58e-05,1,0.0222013,6.99
0.0001902830513668,58.88619596542159,4.91e-05,3,0.03003349,10.55
0.0002603072142698,180.79170381476865,3.1e-05,12,0.044365294,20.59
0.0001537487055044,57.52548410886998,4.0000000000000003e-07,2,0.019982016,8.94
0.0001796272004902,61.4899014184553,3.75e-05,3,0.025626844,8.14
0.000184193993723,80.39415630401314,1.17e-05,6,0.0450518,12.32
0.0001674490852028,25.37755419931772,4.3e-06,2,0.014224286,4.0
0.0001522264410934,52.99787298181819,4.92e-05,4,0.027137902,8.73
0.0002009389022433,62.80009638387472,3.74e-05,5,0.057833187,42.9
0.0001293924749294,20.24058886620528,1.0000000000000001e-07,0,0.030010972,6.15
0.0002755298583791,179.35257491253293,4.46e-05,10,0.0363121,21.06
0.0001507041766825,48.13332809464617,1.13e-05,2,0.022219628,8.9
0.0001674490852028,67.52319397587661,2.56e-05,2,0.0661552,25.08
0.0002100724887089,82.47915988039406,2.15e-05,6,0.03761166,14.72
0.0002831411804338,297.4939718774995,6.3e-05,18,0.061008576,33.11
0.0002359509836948,90.92215449059276,3.64e-05,8,0.053022433,31.19
0.0002070279598871,101.94410591174758,3.940000000000001e-05,7,0.031384323,13.57
0.0001735381428465,45.050592745518536,5e-07,1,0.025697907,6.22
0.0001902830513668,50.721554059938455,3.800000000000001e-06,2,0.025026703,7.53
0.0001324370037513,29.675475681918897,1.0000000000000001e-07,0,0.04114321,14.32
0.0002131170175308,117.23441021317116,5.7400000000000006e-05,9,0.040220845,17.96
0.0002953192957213,159.32665966075362,7.100000000000001e-06,8,0.044554844,20.42
0.0001461373834497,52.14881844462386,2.92e-05,2,0.100790694,117.77
0.0002100724887089,116.76576176993376,7.410000000000001e-05,6,0.035311334,25.34
0.0004490680012257,520.0326491408279,4.9e-05,27,0.059142716,52.9
0.0003333759059946,390.6179212891091,3.3e-05,19,0.056569096,41.15
0.0001446151190387,35.77485730975718,3.0000000000000004e-07,1,0.050038267,14.5
0.000395788746843,317.16765926450387,3.82e-05,18,0.06539776,34.52
0.0004536347944585,437.4482843587181,5.3e-05,17,0.07941656,53.98
0.0002192060751745,132.47966642452087,9.55e-05,13,0.038763717,23.87
0.0001644045563809,46.32649183989408,3.800000000000001e-06,2,0.02217447,7.74
0.0001994166378324,64.46159229863547,3.900000000000001e-06,4,0.033068016,10.18
0.0001872385225449,66.30587593690574,3.64e-05,5,0.032027747,9.21
0.000138526061395,53.50971568426221,3.0000000000000004e-07,3,0.033644766,9.12
0.0001826717293121,56.21927487981512,3.45e-05,2,0.029645467,8.52
0.0001887607869558,59.62596717299233,1.13e-05,3,0.036706615,9.08
0.0001491819122715,24.04261059182069,4.1000000000000006e-06,2,0.018099682,4.39
0.0001293924749294,30.99753516488863,1.0000000000000001e-07,0,0.02582352,6.12
0.0001430928546278,28.22540917756648,3.6000000000000003e-06,1,0.040659178,16.37
0.000208550224298,68.41442316530058,3.76e-05,6,0.022854485,8.87
0.0003699102518571,400.0978561948966,5.21e-05,17,0.058128353,41.63
0.0002450845701604,190.20137853068783,1.0600000000000002e-05,13,0.041655198,21.92
0.0001461373834497,39.69561690241908,4.0000000000000003e-07,3,0.02482509,7.23
0.0001765826716684,70.29847147567305,6.960000000000001e-05,3,0.04791933,25.44
0.0001704936140246,53.00000488731552,5e-07,2,0.028921118,10.03
0.0003409872280493,306.55438485803137,1.42e-05,20,0.06854501,33.67
0.0001507041766825,34.75089383023908,6.7e-06,2,0.027531672,9.91
0.0002907525024885,166.9091059823811,1.3e-05,10,0.06355259,26.49
0.000231384190462,112.28690639469028,5.7400000000000006e-05,9,0.031963605,14.4
0.0001872385225449,42.47868049185793,5e-07,0,0.024443671,6.02
0.0001659268207918,54.40576483394098,2.77e-05,4,0.027431931,7.27
0.0001583154987372,48.937797999483465,4.0000000000000003e-07,1,0.046750594,17.28
0.0001963721090105,128.1219588964513,2.9400000000000003e-05,12,0.058141645,35.25
0.0002816189160229,146.94918710947547,2.25e-05,7,0.043018457,18.29
0.0001507041766825,33.54868451283619,3.6000000000000003e-06,1,0.02831163,11.87
0.0005982499134973,1128.198827690208,2.81e-05,34,0.11246797,126.19
0.0002694408007354,152.5921555778001,0.0001225,7,0.035470072,19.77
0.0004064445977195,609.2668906268018,9.25e-05,24,0.05571223,63.56
0.0001537487055044,35.00820555461151,4.0000000000000003e-07,1,0.029532576,8.3
0.0003607766653915,399.9095996703288,3.18e-05,17,0.07315844,41.59
0.0001400483258059,40.37773397001877,1.0000000000000001e-07,0,0.061333805,41.09
0.0004566793232804,500.7475247035963,5.6300000000000006e-05,20,0.07915859,63.27
0.0002450845701604,188.1095157800981,8.78e-05,14,0.03914628,21.58
0.0001415705902169,36.89994726308303,3.4000000000000005e-06,1,0.02558538,7.12
0.0002055056954761,69.48612278965001,4.57e-05,3,0.024709454,9.73
0.0001278702105185,35.73388764759125,1.0000000000000001e-07,1,0.03560147,11.66
0.000232906454873,183.6136051608761,0.0001056,14,0.050790165,21.15
0.0001476596478606,53.34101707534368,6.62e-05,1,0.032313198,8.73
0.0001781049360793,47.51461204270598,3.45e-05,2,0.018685848,7.09
0.0001948498445996,77.639456326843,8.400000000000001e-06,6,0.041019127,11.57
0.0001598377631481,31.690404451518287,6.9e-06,3,0.014853058,4.78
0.0001309147393403,23.68194779659982,1.0000000000000001e-07,0,0.021478858,10.53
0.0001994166378324,67.13361141912685,2.92e-05,6,0.05301756,36.56
0.0002283396616402,228.6656809710884,0.0001283,16,0.04856731,25.78
0.0001537487055044,51.89762436211331,7e-06,4,0.027432129,8.72
0.0001446151190387,49.49709877212872,2.0000000000000002e-07,3,0.0442044,22.69
0.0001765826716684,72.20467306490903,6.6e-06,3,0.027169945,13.46
0.0002907525024885,238.50831788605072,1.45e-05,15,0.066422865,28.09
0.000232906454873,105.17320120784352,7.5e-05,6,0.05100622,29.0
0.0002070279598871,107.75781220294472,4.7900000000000006e-05,7,0.036845233,13.79
0.0001704936140246,45.70898077801759,5e-07,1,0.025737327,6.89
0.0001674490852028,46.8975644385463,3.900000000000001e-06,3,0.025107589,7.59
0.0001446151190387,34.46392081199086,3.0000000000000004e-07,0,0.042327218,17.18
0.0002161615463527,127.332597713182,8.310000000000001e-05,9,0.06916288,35.21
0.0002922747668994,119.6131532904657,1.07e-05,4,0.028104136,15.73
0.000604338971141,1241.919486877619,2.81e-05,29,0.09536566,142.21
0.000278574387201,172.550591386012,0.0001396,13,0.037377823,20.97
0.0004475457368147,822.8143954924896,6.4e-05,23,0.08661716,84.61
0.0001461373834497,27.98784075193012,4.0000000000000003e-07,1,0.022968857,7.78
0.0003546876077477,433.4171291379123,2.9700000000000004e-05,23,0.07378614,45.52
0.0001507041766825,62.918185410117694,4.0000000000000003e-07,2,0.064581156,36.13
0.0004916914047318,592.6191186728443,4.490000000000001e-05,24,0.0743168,65.05
0.0002389955125167,157.2355384425108,8.78e-05,14,0.035006788,18.99
0.0001491819122715,38.12199257076535,2.2700000000000003e-05,2,0.019887244,7.08
0.0001994166378324,72.8984692669723,7.5e-06,3,0.03495447,11.42
0.0003135864686525,215.73558143828703,3.05e-05,12,0.055193987,23.97
0.0001552709699153,68.49886516130319,4.8e-05,5,0.020218296,8.81
0.0001659268207918,60.02194544623406,1e-05,4,0.019153731,7.83
0.0001933275801887,63.776879867821656,1.1e-05,4,0.030446714,9.97
0.0001659268207918,34.49043059339235,1.1e-05,2,0.020571237,5.21
0.0001765826716684,75.92382855075896,5.2900000000000005e-05,5,0.03189913,9.8
0.0001994166378324,65.17967368505954,3.38e-05,5,0.051156275,39.69
0.0002192060751745,223.4842236971623,6.6e-06,17,0.047540735,25.62
0.0001537487055044,44.47683209210883,5e-07,3,0.026377318,7.83
0.0001811494649012,74.57349814706387,5.300000000000001e-06,3,0.05017108,24.99
0.0001887607869558,66.24534835909046,3.02e-05,3,0.029871318,12.08
0.0003379426992274,334.50737358965745,1.4100000000000002e-05,22,0.079610035,36.11
0.0001567932343262,50.62265218317138,4.0000000000000003e-07,1,0.033353776,9.52
0.0002298619260511,79.93320125887477,3.19e-05,5,0.054151468,34.56
0.0001933275801887,118.27385318043068,6.71e-05,7,0.03829605,15.5
0.0001704936140246,53.450022330337184,2.28e-05,1,0.028375879,6.93
0.0001826717293121,53.227099168552,6.800000000000001e-06,4,0.024648704,8.0
0.0001339592681622,26.161261198441963,2.0000000000000002e-07,1,0.03582448,15.48
0.0001400483258059,40.510097493939455,2.24e-05,1,0.034517527,14.54
0.0001963721090105,124.78274604684152,5.7400000000000006e-05,9,0.065877825,37.58
0.0002816189160229,141.71915946682776,2.24e-05,6,0.043437533,18.43
0.0006500069034691,1258.0352093726797,2.8e-05,41,0.10910273,123.64
0.0002526958922151,164.28936489234582,0.0001231,8,0.03579866,20.76
0.0004566793232804,625.4072690723966,0.0004051,29,0.07697848,63.44
0.0003820883671446,390.9821990545211,2.96e-05,17,0.07142424,45.13
0.0001370037969841,35.27478643332012,3.3e-06,3,0.042942826,26.59
0.0004703797029788,487.14300150129424,4.5e-05,21,0.071003705,60.01
0.0001872385225449,42.56942551280916,6.9e-06,3,0.047327824,28.37
0.0001583154987372,34.18325081869125,4.0000000000000003e-07,1,0.024731027,7.23
0.0001278702105185,17.10807815829235,1.0000000000000001e-07,0,0.034556393,11.8
0.0001781049360793,65.70588357672463,6.9e-06,3,0.03895607,10.69
